avg_speed,speed_drop_from_peak,distance_last_5min,involvement_last_5min,heart_rate,acceleration,collisions,team_score_diff,sub_available,live_fatigue_score,logical_substitution
29.24,1.38,90.4,0,150,1.864135335,0,-1,1,,1
30.9,-0.28,207.46,2,136,2.166463909,0,-1,0,0,0
29.77,0.85,300.32,3,134,2.929430356,0,-2,1,0,0
29.79,0.83,400.49,4,157,2.061245425,0,-2,1,0,0
,0.76,498.96,6,145,2.65754052,,-1,1,0,0
29.43,1.19,509.89,7,157,2.542813797,0,2,1,0,0
28.89,1.73,479.58,9,161,1.954663317,0,2,1,0,0
30.67,-0.05,497.43,9,,2.258629409,0,1,1,0,0
29.53,1.09,510.36,9,133,3.105394456,0,-2,1,0,0
30.12,0.5,509.6,9,143,2.604864415,0,1,1,0,0
30.96,,,8,155,2.884179503,0,-2,1,0,0
30.23,0.39,505.37,5,155,,0,-1,,0,0
30.9,,496.28,5,172,2.804455938,0,2,1,0,0
29.28,1.34,473.27,5,,1.155517793,0,2,1,0,0
30.57,0.05,487.24,4,161,2.689418401,0,-1,1,0,0
30.89,-0.27,495.2,4,153,2.067321998,0,1,0,0,0
30.17,0.45,503.47,3,133,3.767211827,0,1,1,0,1
,-0.27,502.06,4,144,2.779488585,0,0,0,0,0
29.59,1.03,502.39,7,152,2.081793192,0,-2,0,0,0
30.83,-0.21,,7,132,2.896558351,1,1,1,0,0
27.87,2.75,491.27,,129,2.563553632,0,-1,1,0,0
30.77,-0.15,,10,132,1.29742988,0,1,1,0,0
28.5,2.12,515.56,12,152,3.104142547,0,2,0,0,0
28.82,1.8,535.04,11,145,2.21612206,0,-2,1,0,0
29.06,1.56,526.23,12,143,3.494432805,1,0,0,0,0
28.88,1.74,529.76,,144,2.412898451,0,-2,1,0,0
28.86,1.76,528.02,11,135,3.507505439,0,2,1,0,1
28.26,2.36,520.81,10,145,2.797428705,0,2,1,0,0
26.87,3.75,497.38,7,131,3.181886359,0,2,,0,1
29.09,1.53,502.67,6,161,2.155726357,0,2,0,0,0
29.65,0.97,497.43,5,166,2.747104326,0,-1,1,0,0
28.71,1.91,484.1,6,126,1.291635651,0,0,1,0,0
28.04,2.58,484,5,145,2.411074168,0,2,1,0,0
,0.77,500.93,5,,1.460827921,0,2,1,,0
28.28,2.34,486.34,,148,1.699916001,0,1,0,0,0
29.93,0.69,497.54,5,160,1.876437014,0,0,1,0,0
26.91,3.71,495.49,3,145,2.962294655,0,-2,1,0,1
28.8,1.82,497.23,3,149,2.396847906,0,0,1,0,0
,2.89,500.46,5,179,2.521998907,0,0,0,0,0
28.24,2.38,517.77,7,148,2.377788593,0,0,0,0,0
28.88,1.74,506.97,9,167,3.256504349,0,2,1,0,0
29.46,1.16,519.96,10,155,2.50282937,0,2,1,0,0
28.82,1.8,500.66,8,144,2.674185955,0,-1,1,0,0
27.56,3.06,489.86,8,142,2.100822765,0,-2,0,0,1
27.2,3.42,472.89,9,149,3.304586506,0,1,1,0,1
29.27,,480.71,6,138,3.357072501,1,0,1,0,0
26.63,3.99,456.25,7,141,2.474177733,0,-2,1,3.14,1
27.3,3.32,468.49,9,145,2.090993479,0,-2,1,3.01,1
26.48,4.14,469.24,7,152,1.368816566,0,-1,1,5.83,1
28.08,2.54,463.82,5,168,1.891982499,,1,1,3.84,0
27.8,2.82,443.65,9,145,0.983036957,0,0,1,5.59,0
28.88,1.74,452.23,8,154,1.862550236,0,1,0,4.64,0
26.86,3.76,448.73,9,133,2.749879068,0,-1,1,9.88,1
27.31,3.31,,,160,2.464720035,0,2,1,,1
29.14,1.48,,11,132,4.126286889,0,-2,1,7.72,1
27.88,2.74,480.29,11,157,2.2402603,0,,1,11.43,1
29.5,1.12,492.56,13,149,2.185607781,0,2,1,9.41,1
27.73,2.89,490.67,10,148,3.24393872,0,-1,1,14.14,1
27.09,3.53,485.93,10,146,1.151144598,0,1,1,16.62,1
27.72,2.9,476.65,8,136,1.462762944,0,-2,1,16.56,1
26.5,4.12,478.12,5,137,2.964688953,0,0,0,20.2,1
27.12,3.5,468.9,2,158,2.363203058,0,2,0,20.16,1
27.53,3.09,472.67,5,150,2.379252776,0,,1,20.55,1
26.64,3.98,467.43,5,146,1.84399419,0,-2,,23.52,1
26.42,4.2,448.22,8,154,,0,1,1,25.16,1
27.18,3.44,441.29,7,151,1.934383722,0,-1,1,24.83,1
27.65,2.97,445.66,8,142,2.55092033,,1,1,25.09,1
25.29,5.33,448.16,7,174,1.689061507,0,1,1,31.03,1
25.35,5.27,444.77,7,157,2.372322109,0,1,1,32.1,1
26.54,4.08,447.48,4,151,3.917408258,0,-2,0,30.92,1
26.79,3.83,444.27,5,144,2.202544947,0,-2,1,31.63,1
29.27,1.35,434.63,5,,2.407769268,0,-1,1,27.86,1
28.82,1.8,422.64,4,,2.358233902,0,1,1,29.95,1
28.51,2.11,,5,,2.622171986,0,-2,1,31.78,1
27.11,3.51,436.51,7,166,2.827706386,,-1,1,35.78,1
26.1,4.52,441.85,7,150,2.680066425,0,-1,0,39,1
27.6,3.02,442.41,8,142,2.695521089,1,1,1,37.21,1
26.81,3.81,437.03,7,150,2.373416631,0,0,0,39.99,1
26.09,4.53,424.01,6,158,2.570202806,0,1,1,42.62,1
26.87,3.75,444.05,4,156,2.3502312,0,0,1,42.26,1
27,3.62,453.4,6,159,1.231348906,0,-1,1,43.2,1
25.69,4.93,441.82,7,137,4.341430507,0,-2,1,47.02,1
28,2.62,452.87,9,159,3.009720925,0,2,0,43.59,1
25.71,4.91,,9,148,1.814476556,0,-1,1,49.38,1
26.39,4.23,461.02,9,150,2.661042283,0,-2,0,49.23,1
27.44,3.18,469.75,7,162,1.557701494,0,-1,0,,1
26.66,3.96,492.97,5,157,2.154058916,0,1,1,51.08,1
26.07,4.55,489.37,3,153,1.462608021,0,0,1,53.47,1
27.62,3,496.42,4,130,2.464170608,0,-1,1,,0
24.69,5.93,482.01,4,149,1.393051342,0,-2,1,58.63,1
32.97,-1.12,104.06,,142,2.771896026,1,1,,0,0
31.57,0.28,197.53,2,157,2.977554757,0,,1,0,0
31.99,-0.14,290.13,4,159,1.92111358,1,1,0,0,0
31.04,0.81,,,146,2.612625943,0,0,1,0,0
,1.12,489.69,,143,1.884024954,0,1,1,0,0
31.29,0.56,477.34,9,165,2.858211675,0,2,1,0,0
,1.17,474,7,143,2.017967366,,-2,1,0,0
,0.46,489.3,8,138,3.052279088,0,-1,1,0,0
32.22,-0.37,496.96,7,141,,,0,1,0,0
30.87,0.98,503.03,5,144,,0,2,1,0,0
31.38,0.47,529.35,4,141,1.723828575,0,0,1,0,0
32.43,-0.58,547.78,,158,2.642347631,0,1,,0,0
33.78,,553.94,5,128,2.88856279,0,0,1,0,0
30.23,1.62,549.5,8,141,2.696446157,0,2,1,0,0
30.91,0.94,,9,149,2.14371643,0,-1,,0,0
29.42,2.43,523.82,12,152,0.543439054,0,-1,1,0,0
31.68,0.17,509.65,14,166,2.527091606,0,0,1,0,0
,-0.26,514.55,14,165,3.051634359,0,-2,1,0,0
30.81,1.04,531.72,11,133,4.37635621,0,0,1,0,1
30.51,1.34,537.38,14,130,2.202923346,,1,1,0,0
28.88,2.97,510.39,19,150,2.034279142,0,-1,1,0,0
30.03,1.82,513.6,14,143,2.724178347,0,-1,1,0,0
30.84,1.01,488.44,15,138,2.32068909,0,-1,1,0,0
31.26,0.59,469.55,17,,3.392761385,0,-2,1,0,0
30.8,1.05,469.58,15,152,1.934267939,0,-2,0,0,0
,-0.08,477.52,10,141,2.325806597,0,2,1,0,0
31.77,0.08,481.43,12,143,3.113349152,0,,1,0,0
28.34,3.51,481.43,12,142,2.715855019,0,0,1,0,1
28.35,3.5,482.12,11,145,3.31284537,0,1,1,,1
30.28,1.57,482.44,10,155,,0,-1,1,0,0
28.98,2.87,482.66,10,139,3.384299152,0,-2,0,0,0
30.83,1.02,473.87,8,143,1.335311739,0,1,1,0,0
29.56,2.29,468.54,6,146,1.363336282,0,1,1,0,0
29.2,2.65,461.97,5,149,3.395327942,0,-2,1,0,0
30.17,1.68,463.2,4,152,2.505144703,0,0,0,0,0
27.31,4.54,469.62,2,170,3.144571106,1,-1,1,,1
29.86,1.99,483.97,3,,2.569629671,0,0,1,0,0
29.68,2.17,485.23,4,,2.495071364,0,1,1,0,0
28.08,3.77,491,4,147,1.570385399,0,-1,1,0,1
31.49,0.36,482.6,7,140,2.481212302,0,2,1,0,0
29.64,2.21,483.51,7,144,3.453125065,0,1,1,0,0
28.6,,467.43,6,142,2.539669206,0,0,1,0,0
28.42,3.43,466.79,5,153,,1,0,1,0,1
28.86,2.99,480.98,7,133,2.958061772,0,0,0,0,0
29.69,2.16,484.83,5,155,1.791104388,0,-2,1,0,0
28.51,3.34,470.19,4,148,3.099991232,1,1,1,0,1
,0.68,484.05,4,157,2.280389894,0,-1,1,0,0
27.88,3.97,499.64,5,142,2.318243314,0,0,1,1.85,1
28.62,3.23,479.76,2,,3.968386632,0,0,0,1.57,1
28.76,,465.42,2,145,2.918112357,0,-2,0,,0
26.29,5.56,480.05,2,145,2.053048583,0,,1,8.61,1
30.07,1.78,471.44,5,158,2.545176644,0,1,1,2.26,0
29.8,2.05,477.06,5,157,2.525633948,0,2,1,4,0
27.97,3.88,477.59,6,169,3.680265208,0,-2,1,8.85,1
28.18,3.67,484.73,5,145,2.527622406,0,1,1,9.64,1
26.88,4.97,464.96,6,116,4.045599057,0,2,0,13.44,1
27.63,4.22,459.33,,145,1.592287112,0,0,0,13.14,1
29.27,2.58,441.02,3,152,2.477353072,0,0,1,11.06,1
30.1,1.75,446.89,4,157,,0,-1,1,10.59,1
28.15,3.7,445.84,5,153,2.153619976,0,2,1,15.69,1
29,2.85,453.88,4,145,2.168814947,0,0,1,,0
28.85,3,464.96,5,167,2.002085324,0,0,1,16.69,1
27.98,3.87,456.37,5,139,3.711120263,0,-1,1,19.63,1
29.35,2.5,469.55,,147,3.49579223,0,1,1,18.09,1
29.64,2.21,,4,139,2.781851158,0,0,1,18.72,1
28.16,3.69,474.87,,150,,,-2,0,22.89,1
28.52,3.33,460.01,4,165,2.02173687,0,,0,23.36,1
30.46,1.39,478.28,6,148,3.019266119,0,1,1,20.68,1
28.59,3.26,462.63,5,148,2.710105666,0,2,1,25.61,1
29.03,2.82,471.65,5,133,2.398621832,0,-1,1,25.94,1
28.51,3.34,466.74,4,147,2.878835105,0,-2,1,28.17,1
28.54,3.31,467.26,4,161,3.123749379,0,-2,1,29.31,1
30.01,1.84,475.18,2,147,2.392171979,0,1,0,27.58,1
28.63,3.22,488.41,2,146,1.948871861,0,2,1,31.54,1
29.64,2.21,472.61,1,161,1.575219033,0,2,1,30.72,1
27.51,4.34,484.42,3,146,2.675442172,0,1,1,36.17,1
26.04,5.81,479.13,2,162,4.017072181,0,-2,1,40.32,1
28.28,3.57,473.68,3,137,1.722535711,1,-1,1,37.03,1
28.68,3.17,455.82,,156,3.269628357,0,-2,1,37.44,1
27.78,4.07,462.38,4,166,2.027110688,1,2,1,40.44,1
29.94,1.91,476.52,3,160,2.168177925,0,-2,1,37.33,1
28.46,3.39,490.32,4,131,3.140446436,0,-1,1,41.49,1
27.92,3.93,489.42,4,143,2.32131929,0,0,,43.77,1
27.77,4.08,508.45,4,147,2.673781858,0,-2,0,45.27,1
30.64,1.21,512.06,4,160,2.660366329,0,1,0,40.71,1
28.18,3.67,489.97,4,136,2.028236637,0,0,,46.85,1
26.28,5.57,481.69,4,139,,0,1,1,51.84,1
25.46,6.39,458.72,4,133,2.456892469,0,1,1,54.68,1
27.09,4.76,434.63,3,141,1.528042826,0,1,1,52.63,1
25.54,6.31,420.69,5,137,1.875261187,0,-2,1,56.91,1
,1.27,114.12,0,165,,,2,1,0,1
32.58,-0.52,218.22,0,143,2.536394423,0,0,1,0,1
31.91,0.15,325.58,,156,3.412846524,0,-1,1,0,0
32.05,0.01,438.04,0,150,1.766995121,0,2,0,0,1
31.68,0.38,532.6,0,,2.909876781,1,-2,0,0,1
31.95,0.11,522.27,1,144,2.801397169,1,1,1,0,0
31.41,0.65,521.74,2,157,1.973685732,0,-1,1,0,0
33.47,-1.41,525.85,2,151,3.575573909,0,0,0,0,1
31.96,0.1,,3,150,2.309137692,0,2,0,0,0
,0.8,543.41,4,144,3.907187866,0,,1,0,1
32.1,-0.04,549.5,3,145,1.355024722,0,-1,1,0,0
30.54,1.52,537.99,3,155,2.311605114,0,-2,1,0,0
30.78,1.28,531.73,4,152,2.394823583,0,0,1,0,0
31.95,0.11,510.67,6,151,2.471570885,0,-1,1,0,0
30.02,2.04,496.59,6,142,3.001431689,,1,1,,0
32,0.06,479.1,6,169,4.878689122,0,0,1,0,1
29.21,2.85,493.43,7,145,2.818546307,0,2,1,0,0
33.28,-1.22,493.46,7,149,2.51696817,0,-1,1,0,0
29.58,2.48,494.81,5,148,1.732660334,1,2,1,0,0
33.17,-1.11,524.86,5,169,1.176925469,0,,0,0,0
30.97,1.09,,7,147,3.319182582,0,2,1,0,0
32.29,-0.23,537.68,7,146,2.117251091,0,-2,1,0,0
31.12,0.94,548.45,7,151,4.322910847,0,2,1,0,1
30.64,1.42,543.97,6,143,3.107748133,0,1,1,0,0
28.86,3.2,517.4,7,151,2.739091631,0,1,1,,1
31.43,0.63,493.08,5,173,,0,0,0,0,0
32.66,-0.6,506.32,3,152,2.782783736,0,2,1,0,0
32.55,-0.49,509.52,3,152,2.013803138,0,2,1,0,0
29.86,2.2,504.17,4,142,1.273948107,0,-1,1,0,0
30.6,1.46,511.34,3,167,2.114520411,0,-2,1,0,0
29.41,2.65,525.13,4,169,2.487150643,0,0,0,0,0
28.84,3.22,506.94,7,158,2.046527889,0,2,1,0,1
29.72,2.34,484.96,7,156,1.599741515,0,-1,0,0,0
30.51,1.55,504.14,6,147,1.97625278,0,-2,1,0,0
30.53,1.53,500.85,7,153,3.225012727,0,0,1,0,0
29.86,2.2,505.24,8,141,3.023737049,0,0,0,0,0
28.1,3.96,492.72,6,138,2.619986857,,2,1,0,1
31.54,0.52,512.05,6,135,2.910968548,0,0,0,,0
31.39,0.67,514.02,10,154,1.707646573,0,-1,0,0,0
30.21,1.85,512.79,8,136,1.943202646,0,0,1,0,0
31,1.06,494.07,,145,2.717710552,0,1,1,0,0
30.12,1.94,523.4,11,149,1.796843818,,-1,1,0,0
28.23,3.83,489.26,10,159,2.575878774,1,-2,1,0,1
30.47,1.59,485,8,,1.616232784,0,-2,1,0,0
30.31,1.75,493.88,8,161,1.345270949,0,2,1,0,0
27.45,4.61,499.01,9,159,3.015255129,0,2,0,0.3,1
30.57,1.49,497.05,5,139,3.218932097,0,1,0,0,0
29.72,2.34,519.39,6,,2.058425304,0,-2,1,0,0
30.72,1.34,528.53,5,147,1.435676192,0,-2,1,,0
29.94,2.12,516.87,6,145,,0,-2,1,0.12,0
29.15,2.91,513.42,4,147,3.789400105,0,-2,1,2.89,1
,3.56,490.99,3,149,2.577973597,0,0,1,5.4,1
27.09,4.97,479.51,2,145,2.074404692,0,-1,0,9.41,1
27.92,4.14,468.18,2,141,2.245261905,0,-1,0,8.97,1
30.5,1.56,484.89,2,142,1.160667425,0,1,1,,0
29.01,3.05,481.17,3,151,2.933928932,1,0,1,9.19,1
29.41,2.65,494.24,4,148,3.900075384,0,-2,1,9.57,1
29.76,2.3,489.39,4,155,1.952070094,0,-2,,10.09,1
29.78,2.28,479.57,3,150,4.168419926,0,2,1,11.24,1
28.32,3.74,472.18,5,150,2.41851657,0,2,1,15.37,1
30.72,1.34,492.46,4,155,3.66672719,0,,0,11.76,1
28.28,3.78,494.13,3,164,2.715054731,0,,1,17.84,1
29.16,2.9,503.72,4,164,2.714291832,1,,1,17.28,1
27.05,5.01,508.49,4,163,3.79074802,0,0,1,22.71,1
29.47,2.59,501.23,1,158,3.047892757,0,-1,0,19.07,1
30.06,2,490.88,2,170,2.762393655,0,-2,1,19.07,1
28.67,3.39,472.58,2,154,1.141064213,0,0,1,23.05,1
30.82,1.24,480.76,1,153,1.444954004,0,-2,1,19.96,1
28.59,3.47,475.76,,172,2.820988482,1,2,1,25.61,1
29.99,2.07,481.06,,122,3.527448314,0,1,0,,1
,3.26,483.77,7,147,2.589915747,0,2,,27.6,1
28.83,3.23,500.38,9,162,2.086086753,0,-1,1,,1
27.97,4.09,492.14,9,159,1.212580728,0,2,1,31.66,1
27.36,4.7,496.77,9,175,1.95149046,0,-2,1,34.07,1
29.3,2.76,502.69,9,151,2.59168679,0,2,0,31.41,1
26.48,,494.12,7,145,1.900480343,0,-2,1,38.25,1
28.51,3.55,500.57,5,146,1.824887611,0,-1,1,35.37,1
30.06,2,504.77,6,,2.464217916,0,2,1,33.49,1
28.32,3.74,488.32,4,166,3.513888169,0,1,1,38.15,1
28.55,3.51,478.27,3,166,2.979303572,0,,1,38.89,1
25.84,6.22,475.8,1,149,2.70011025,0,1,1,45.52,1
29.12,2.94,475.57,4,152,2.631940467,0,2,1,40.16,1
,2.27,476.08,4,143,2.885823692,0,2,1,40.01,1
27.79,4.27,498.69,5,144,2.422907897,0,2,1,45.23,1
28.34,3.72,497.57,5,160,2.212242868,0,-2,1,45.32,1
27.16,4.9,488.35,7,166,3.016735771,0,-1,0,48.88,1
,3.57,,5,143,2.342223302,0,1,1,47.41,1
27.55,4.51,455.74,6,152,1.667981818,,-2,1,50.51,1
26.76,5.3,427.72,6,147,3.510310007,0,1,1,53.28,1
26.76,,426.53,8,158,1.191050893,0,-2,1,54.48,1
34.88,-0.8,118.05,2,146,3.562825977,0,2,1,0,1
34.85,-0.77,211.07,5,130,2.854518673,0,1,1,0,0
33.12,0.96,,6,160,1.821594487,0,2,1,0,0
36.04,-1.96,418.02,7,146,2.516978188,0,1,1,0,0
33.29,0.79,506.29,7,148,,0,0,,0,0
31.51,2.57,482.35,7,154,3.06540801,0,-2,1,0,0
34.67,-0.59,504.7,4,153,3.051551877,0,0,1,0,0
34.19,-0.11,516.14,3,154,2.822954465,1,-2,1,0,0
33.63,0.45,509.6,4,133,3.022468157,0,-1,0,0,0
32.19,1.89,515.59,5,155,2.419617302,0,1,1,0,0
33.21,0.87,511.47,4,130,3.733172567,0,,1,0,1
33.38,0.7,500.92,6,,3.356524818,0,-1,0,0,0
35.11,-1.03,489.86,7,161,2.166095997,0,-2,0,0,0
34.49,-0.41,490.28,9,136,3.067603201,0,0,1,,0
33.47,0.61,508.48,10,153,3.0065076,0,2,1,,0
34.42,-0.34,531.56,9,160,2.318166841,0,-2,,0,0
31.99,2.09,533.47,9,145,2.263220349,0,2,1,0,0
32.55,1.53,546.33,,156,3.350155608,0,-1,0,0,0
31.78,,541.75,6,122,2.489714373,0,2,1,0,0
33.76,0.32,519.35,5,160,2.682120323,1,0,1,0,0
33.51,0.57,516.68,6,150,3.480772846,0,-2,1,0,0
33.76,0.32,510.12,5,147,4.2733373,0,0,1,0,1
33.2,0.88,504.06,7,159,2.131362537,0,0,1,0,0
34.14,-0.06,499.59,9,167,2.345369824,,-2,0,0,0
34.6,,523.24,8,154,2.551802808,0,0,0,0,0
,-0.36,525.48,8,166,2.567715503,0,1,0,0,0
33.12,0.96,527.12,8,134,2.763448422,0,,1,0,0
,1.75,524.68,5,156,2.156875044,0,1,1,0,0
31.24,2.84,519.47,5,148,1.613666286,1,2,1,0,0
32.96,1.12,502.25,6,,3.727677671,0,0,1,0,1
32.47,1.61,482.12,5,130,2.928457751,0,-2,1,0,0
33.05,1.03,472.54,5,156,2.207024987,,-2,1,0,0
32.12,1.96,466.34,6,158,2.805979106,1,2,,0,0
33.86,,467.5,4,,3.783065368,,-2,0,0,1
,0.73,473.01,7,161,1.948384867,0,1,1,0,0
33.75,0.33,472.95,8,142,2.647798149,0,0,1,0,0
33.1,0.98,469.29,7,162,1.527094681,0,-2,1,0,0
32.24,1.84,475.42,7,163,2.417160863,0,-2,1,0,0
33.23,0.85,482.06,9,147,2.93161677,0,-1,1,0,0
32.5,1.58,469.87,,150,1.719693721,0,-1,1,0,0
33.36,0.72,471.45,6,140,2.368959042,0,-1,,0,0
30.73,3.35,482.23,8,164,3.05994911,0,0,1,0,1
32.97,1.11,498.75,8,,2.912440093,0,1,,0,0
32.48,1.6,508.29,7,155,1.689657823,0,1,1,0,0
32.07,2.01,522.26,7,144,2.761642412,0,1,1,0,0
,1.76,532.32,6,138,2.891103186,0,0,1,0,0
32.09,1.99,545.96,4,131,2.575589862,1,0,1,0,0
30.78,3.3,539.2,3,147,3.262537517,0,-1,1,0,1
32.04,2.04,534.04,3,137,2.087386877,0,-2,1,0,0
33.3,0.78,527.79,6,150,2.788739124,0,2,1,0,0
33.08,1,514.55,6,167,1.684359799,0,2,1,0,0
31.17,2.91,492.77,6,151,,0,-2,0,0.07,0
33.34,0.74,484.49,6,169,3.046755287,0,-1,0,0,0
30.36,3.72,469.21,5,140,2.514393729,,-2,1,4.07,1
31.53,2.55,473.5,3,137,2.1756077,0,-2,1,2.93,0
30.44,3.64,473.21,4,139,1.75439079,0,2,1,6.32,1
29.56,4.52,475.17,5,149,3.078971667,,-1,1,9.27,1
29.21,4.87,472.5,7,177,1.444389939,0,0,0,11.19,1
32.04,2.04,473.82,8,133,3.195014228,0,2,1,6.72,0
31.42,2.66,480.81,7,156,2.815698159,0,0,1,9.16,1
30.99,3.09,479.09,5,143,,0,-1,1,,1
29.84,4.24,472.79,6,147,2.58817299,0,-2,1,14.72,1
32.75,1.33,470.34,4,137,4.357607413,0,1,1,10.1,1
31.81,2.27,467.93,4,158,3.332592799,0,1,0,13.18,1
33.05,1.03,449.5,5,149,1.920380975,0,-1,1,11.91,1
31.05,3.03,468.97,7,160,3.001693978,,1,1,17.11,1
30.88,3.2,489.51,,151,1.508860809,0,0,1,18.64,1
30.17,3.91,480.46,8,130,1.540080077,0,1,1,21.27,1
29.14,4.94,488.36,7,160,2.452886031,0,-1,1,24.52,1
29.75,4.33,498.08,7,129,2.886156588,0,-1,1,24.5,1
30.82,3.26,483.41,6,131,3.067931223,0,0,1,23.56,1
29.54,4.54,473.18,4,140,3.077628607,0,1,1,27.32,1
31.9,2.18,487.48,3,140,2.846325079,0,1,1,23.8,1
32.33,1.75,487.01,4,163,1.370206211,0,-2,1,24.14,1
29.37,4.71,475.53,6,148,2.457347855,0,2,1,31.27,1
32.25,1.83,470,7,162,3.178077324,0,-1,1,26.71,1
28.91,5.17,458.2,6,144,2.810303649,0,,1,34.58,1
,4.75,449.46,6,153,2.627474222,0,-1,0,34.95,1
29.38,4.7,444.53,7,154,2.730458107,1,-2,0,36.03,1
30.92,3.16,446.4,4,156,2.718763916,0,2,1,34.16,1
30.86,3.22,459.65,3,145,,0,-2,1,35.47,1
32.32,,475.61,4,146,,0,-1,1,33.77,1
28.74,5.34,474.22,4,147,2.422626965,0,1,1,42.12,1
30.64,,475.7,3,133,2.99531052,0,-1,0,39.53,1
31.14,2.94,492.86,3,149,0.886048146,0,0,1,39.72,1
30.51,3.57,482.8,2,,3.662694333,0,0,1,42.18,1
31.19,2.89,478.12,2,155,1.690511849,,0,1,42.03,1
29.85,4.23,487.34,2,150,4.278938722,0,0,0,45.9,1
30.23,3.85,493,1,163,3.983468271,0,2,1,46.33,1
30.28,3.8,473.39,1,150,1.572558786,0,1,1,47.44,1
28.27,2.25,94.39,2,144,3.07192568,0,1,1,0,1
31.03,,213.93,5,150,1.787951699,0,-1,1,0,0
29.84,0.68,327.69,8,157,2.052415775,0,,1,0,0
31.72,,423.75,9,132,,0,-1,1,0,0
29.03,,537.18,11,142,2.813551471,0,-1,1,0,0
31.8,-1.28,563.49,12,143,2.727245753,0,-1,0,0,0
,0.34,544.78,9,154,1.658886425,0,-1,1,0,0
28.55,1.97,525.51,6,155,2.807965982,0,1,1,0,0
30.14,0.38,546.94,6,151,2.357123611,0,-2,0,0,0
30.66,-0.14,539.16,5,125,1.225612983,0,-1,0,0,0
28.52,2,519.93,3,133,2.196177415,0,1,1,0,0
30.64,-0.12,511.3,5,147,,0,-1,1,0,0
29.19,1.33,506.38,6,,2.21980311,0,0,1,0,0
29.33,1.19,495.32,5,,1.215124232,0,-1,1,0,0
29.96,0.56,502,5,145,3.070126713,0,-1,0,0,0
29.72,0.8,,6,165,1.850742871,,2,0,0,0
29.52,1,506.9,5,127,2.650100251,0,0,1,0,0
30.81,-0.29,533.24,6,153,2.379609453,0,-2,0,0,0
28.88,1.64,512.51,7,158,3.733169162,0,,1,0,1
26.41,4.11,481.62,7,157,2.380101673,0,-2,1,0,1
29.45,1.07,465.77,7,157,1.698787507,0,0,1,0,0
30.12,0.4,464.79,7,159,2.171806677,0,-1,1,0,0
30.77,-0.25,454.02,6,143,1.639856696,0,2,,0,0
28.29,2.23,464.5,9,138,2.353514702,0,1,,0,0
28.54,1.98,474.38,9,129,3.738853513,0,2,0,0,1
31.41,-0.89,504.82,9,146,3.373927628,0,2,1,0,0
29.5,1.02,517.91,8,142,3.928833352,0,1,1,0,1
30.08,0.44,516.8,7,161,2.835475067,1,1,1,0,0
29.18,1.34,526.17,3,147,2.600170145,1,1,1,0,0
31.09,-0.57,529.11,3,139,1.801194859,0,-1,0,0,0
27.35,3.17,498.71,3,138,2.688767452,0,-2,1,0,1
27.76,2.76,480.5,3,169,,0,-2,1,0,0
30.29,0.23,473.69,3,149,3.045039155,0,1,1,0,0
29.68,0.84,458.07,5,142,1.714421515,0,2,0,0,0
27.06,3.46,449.09,4,151,2.536877718,0,0,1,0,1
30.52,0,467.48,5,168,1.398552013,0,1,0,0,0
30.42,0.1,492.95,7,146,2.736328815,0,2,1,,0
30.78,-0.26,496.73,8,156,2.973026317,0,2,1,,0
27.32,3.2,499.15,8,161,1.364942936,0,-1,1,0,1
26.16,4.36,494.14,8,131,1.562173422,,-1,1,0,1
28.84,1.68,478.83,9,143,1.592813986,0,-2,1,0,0
29.4,1.12,475.28,10,160,2.375662529,0,,1,0,0
27.12,3.4,468.8,11,143,1.521760771,0,0,0,0,1
,1.6,466.43,9,154,3.464943156,0,0,1,0,0
29.25,1.27,478.54,11,,2.805307087,0,0,0,,0
28.91,1.61,486.06,8,145,2.919327706,0,0,1,0,0
,1.67,482.16,8,144,1.38766648,1,,1,0,0
26.01,4.51,476.13,6,156,3.40522466,0,2,1,5.58,1
29.07,1.45,500.19,6,152,2.954726608,0,-2,,0.67,0
26.91,3.61,497.78,5,150,2.022358052,0,-1,1,6.18,1
29.97,0.55,503.65,4,175,1.420762453,1,-1,1,1.25,0
28.39,2.13,492.69,3,167,2.446710944,0,1,0,5.61,0
26.93,3.59,508.97,4,130,2.173498011,0,2,1,9.74,1
28.6,1.92,483.45,4,145,2.202551215,0,0,1,7.6,0
26.79,3.73,491.49,5,174,2.006197603,1,0,1,12.42,1
25.21,5.31,,6,144,3.005005135,0,1,,,1
25.84,4.68,472.23,4,,0.679597486,0,-1,1,16.72,1
29.14,1.38,470.22,4,145,3.500949453,0,0,1,11.33,1
27.72,2.8,478.75,5,147,3.198681542,0,-1,0,15.35,1
26.7,,477.21,4,158,2.647479632,0,1,1,18.61,1
27.46,3.06,475.71,3,149,2.399140101,0,,1,18.27,1
29,1.52,474.37,6,154,,0,-1,1,16.41,1
26,4.52,456.67,6,165,2.470418591,,-1,1,23.6,1
27.09,3.43,445.37,9,157,2.305099361,0,0,1,22.62,1
,1.01,458.69,8,151,3.297102647,1,-2,0,18.99,1
25.93,4.59,462.54,,166,3.965377008,0,2,1,27.34,1
29.43,1.09,459.64,6,158,1.820295224,0,-1,0,21.54,1
28.97,1.55,469.54,5,142,2.797359519,0,-1,1,23.65,1
27.24,3.28,472.11,2,169,1.739525685,0,-1,,28.32,1
24.9,5.62,446.26,4,156,2.851147778,0,-2,1,34.2,1
26.74,3.78,450.9,3,147,1.955272965,0,1,1,31.72,1
28.59,1.93,,,129,3.34808378,0,0,0,29.22,1
28.86,1.66,457.21,4,136,2.429916419,0,-2,1,29.87,1
26.27,4.25,462.12,3,167,2.532535068,0,-1,1,36.26,1
27.69,2.83,,1,,3.641780568,0,-2,1,34.62,1
28.19,2.33,,,150,1.986897957,1,-2,1,34.81,1
25.62,4.9,490.83,0,132,2.979389536,0,-2,1,41.17,1
25.63,4.89,466.42,1,139,2.056582591,0,,1,42.34,1
25.94,4.58,451.28,2,133,,0,,,42.92,1
26.5,4.02,435.62,3,133,3.750728814,0,0,,42.99,1
26.77,3.75,444.57,4,170,2.315964961,0,1,0,43.67,1
26.53,3.99,435.35,4,170,0.96413672,0,1,,45.35,1
27.32,3.2,438.82,4,138,2.018304056,0,,1,44.95,1
24.82,5.7,457.62,4,149,4.202845427,0,,0,51.17,1
25.39,5.13,461.69,4,137,2.085520065,0,-2,0,51.22,1
25.25,5.27,445.32,5,149,3.739714805,0,-2,1,52.7,1
26.63,3.89,436.83,6,166,2.075599807,0,-1,1,51.15,1
28.29,2.23,438.99,8,160,2.058300451,0,1,0,49.01,1
28.19,2.33,440.36,7,158,3.045431304,0,-1,0,50.41,1
24.78,5.74,429.81,8,148,2.961538697,0,0,1,58.44,1
32.68,0.82,92.6,2,162,3.096521927,0,-2,,0,1
32.44,1.06,185.71,5,156,2.503437391,0,0,1,0,0
33.73,-0.23,299.65,5,154,3.224052069,0,2,0,0,0
33.27,0.23,390.95,8,148,3.173050066,0,-2,1,0,0
33.61,-0.11,505.98,11,153,3.304319644,,0,0,0,0
32.3,1.2,515.29,11,152,2.063508661,0,2,0,,0
34.58,-1.08,527.33,10,144,3.223540442,1,0,1,0,0
33.75,-0.25,,12,142,,0,2,1,0,0
32.74,0.76,550.53,9,140,2.390029139,0,2,1,0,0
33.58,-0.08,531.79,6,,2.375661074,0,-2,1,0,0
33.31,0.19,523.9,6,148,1.801327262,0,-1,1,0,0
33.82,-0.32,536.31,7,146,1.285137673,0,2,1,0,0
31.58,1.92,534.4,6,143,3.35660683,0,2,1,0,0
33.32,0.18,507.52,8,143,2.00842532,0,-2,1,0,0
31.79,,521.05,11,152,2.311182193,,-1,1,0,0
33.42,0.08,530.9,11,163,1.988498254,0,1,1,0,0
34.21,,515.51,8,149,,0,,1,0,0
32.58,0.92,514.02,8,,2.145867942,1,-1,1,0,0
31.88,1.62,519.7,,140,3.395358709,0,0,1,0,0
32.01,1.49,513.67,7,147,2.086647096,0,-2,1,0,0
32.5,1,500.78,6,161,,0,,1,0,0
32.57,0.93,,6,160,3.297489979,0,1,1,0,0
32.69,0.81,492.3,7,159,2.167887106,0,2,,0,0
31.99,1.51,502.57,6,159,2.723868144,0,1,1,0,0
33.49,,516.87,8,154,2.863542431,0,2,,0,0
30.62,2.88,533.03,9,154,3.089125043,0,-2,1,0,0
30.11,3.39,529.72,10,152,3.158326905,0,2,,0,1
,,539.84,8,145,2.63064286,0,-1,0,0,0
31.41,2.09,539.2,9,150,1.83190383,0,2,1,0,0
31.9,1.6,515.13,8,152,2.948621827,,0,1,,0
33.02,0.48,505.01,7,156,2.334445537,0,-1,1,0,0
31.27,,504.53,7,151,,0,-2,1,0,0
29.59,3.91,495.29,8,171,2.773194934,1,-1,1,,1
31.45,2.05,495.51,6,137,1.986122964,0,0,1,0,0
32.89,0.61,516.13,3,157,2.179128346,0,-2,1,0,0
33.76,-0.26,512.18,3,149,2.504214795,0,1,0,0,0
31.75,1.75,522.07,4,150,1.41244707,0,0,1,0,0
31.04,,533.22,4,141,2.597329034,0,-2,1,0,0
32.72,0.78,541.47,6,160,2.278304789,0,2,1,0,0
32.11,1.39,522.18,8,156,1.88594601,0,-1,1,0,0
31.29,2.21,530.17,10,158,2.532369278,0,-2,1,,0
32.55,0.95,,8,151,1.316862648,0,-1,0,0,0
31.05,2.45,513.96,10,146,2.552938745,0,2,0,0,0
28.42,5.08,492.78,,149,2.829419239,0,-2,1,0,1
30.36,3.14,491.84,6,154,2.713674062,1,1,1,0,1
29.62,3.88,474.06,3,129,3.052218945,0,0,1,0,1
29.47,4.03,466.97,3,158,3.315746668,1,-2,1,0,1
31,2.5,454.47,1,174,2.443056591,0,2,1,0,0
32.36,1.14,465.48,2,154,3.266814639,0,-2,1,0,0
30.31,3.19,477.78,3,147,2.440440384,0,-1,1,0,1
29.89,3.61,484.03,5,148,2.010377389,0,-2,1,1.42,1
31.23,2.27,492.28,6,157,2.225074567,0,1,0,0,0
30,,495.18,7,147,2.686884313,0,-2,0,3.59,0
28.99,4.51,485.34,6,158,3.259624494,0,0,0,6.83,1
30.17,3.33,466.65,5,148,2.501023998,0,-2,0,5.65,1
30.88,2.62,476.77,4,167,2.02844019,0,-1,0,5.44,0
29.66,3.84,462.71,3,166,3.510982033,1,-2,1,9.09,1
27.95,5.55,456.35,2,146,1.495628442,0,1,1,13.69,1
30.28,3.22,469.59,4,149,2.032956231,1,2,1,10.23,1
29.72,,477.22,4,149,3.124949065,0,-2,0,12.55,1
31.3,2.2,478.83,5,149,3.736520073,0,-2,1,10.59,1
30.68,2.82,496.59,5,140,2.836476885,0,0,1,13.03,1
28.98,4.52,489.18,5,139,2.674921291,0,1,0,17.64,1
30.43,3.07,477.29,,162,2.296394381,0,2,1,15.93,1
30.45,3.05,472.78,7,160,2.883649811,0,-1,0,17.11,1
28.97,4.53,460.5,6,160,2.59055737,0,-2,1,21.26,1
31.35,2.15,450.04,10,149,,0,2,1,17.69,1
29.3,4.2,458.95,10,168,2.283704362,0,-1,1,23,1
31.96,1.54,469.49,,149,1.892787802,0,1,,18.89,1
30.94,,473.39,7,158,,0,1,1,22.12,1
29.58,3.92,467.97,6,136,2.613287631,0,,1,26.03,1
30.84,2.66,471.89,,147,3.644068239,0,-1,1,24.72,1
29.67,3.83,472.8,4,148,2.081822012,0,1,0,28.25,1
28.95,4.55,450.67,5,149,2.373456272,0,2,0,30.91,1
29.7,3.8,,7,136,3.381426925,0,1,1,30.6,1
28.33,5.17,429.67,7,157,3.763562545,0,1,1,34.54,1
28.34,5.16,405.7,7,,2.832297684,0,1,1,35.73,1
29.17,4.33,403.63,6,142,2.32250578,0,0,0,35.26,1
29.44,4.06,422.73,7,138,2.168887633,0,-1,1,,1
29.78,3.72,447.84,6,142,1.20985323,0,2,1,36.44,1
30.09,3.41,455.73,7,154,1.850562191,0,2,1,37.02,1
26.96,6.54,,,144,2.571093696,0,-1,1,44.49,1
28.08,5.42,464.23,6,148,2.373309894,0,-1,1,43.44,1
28.26,5.24,446.29,,139,2.936385582,0,-1,0,44.29,1
29.33,4.17,428.57,3,,2.363358049,0,-1,1,43.35,1
29.8,3.7,435.48,3,,1.991759892,0,-2,1,43.61,1
29.5,4,438.98,3,161,,0,2,1,45.39,1
30.18,3.32,450.42,3,154,4.253685672,0,-2,1,45.23,1
32.23,1.27,458.99,6,149,2.277855583,0,1,1,42.35,1
27.2,6.3,465.35,5,149,2.597221265,0,1,1,53.6,1
33.81,-0.28,99.07,2,,3.092847907,0,2,1,0,1
33.02,0.51,201.36,6,145,2.099867126,0,1,1,0,0
32.3,1.23,310.05,7,139,3.390930276,0,-1,1,0,0
32.55,0.98,411.74,10,138,1.394671922,0,-2,1,0,0
33.91,-0.38,,11,170,2.214591088,0,-1,1,,0
34.01,-0.48,515.68,13,,2.282145372,0,1,1,0,0
33.02,0.51,517.09,11,164,2.605810422,0,-2,1,0,0
34.34,-0.81,515.21,13,142,1.11996309,0,-1,0,0,0
31.92,1.61,522.15,11,137,3.446917926,0,2,1,0,0
31.38,2.15,524.83,10,140,,0,-1,0,0,0
32.34,1.19,517.44,9,145,3.285982012,0,1,1,,0
33.96,-0.43,527.78,11,150,3.629125016,,-2,1,0,1
32.85,0.68,511.42,9,148,1.981605355,0,2,1,0,0
31.78,1.75,489.95,9,142,0.753952199,0,-2,1,0,0
30.51,3.02,462.85,,150,3.302456253,0,2,1,0,1
32.99,0.54,466.33,10,,2.299532131,0,-2,1,0,0
31.76,1.77,460.36,9,157,1.706782053,0,1,0,0,0
31.51,,467.9,9,164,2.903409757,0,2,0,0,0
32.66,0.87,478.84,9,146,4.224489852,0,0,1,0,1
32.87,0.66,509.19,8,162,2.423765453,0,-2,1,0,0
31.7,1.83,522.95,8,150,3.165781415,0,-2,0,0,0
32.66,0.87,526.57,8,134,1.808748045,0,-1,0,0,0
31.5,2.03,527.11,8,167,1.319269564,0,2,1,0,0
33.4,0.13,537.47,7,172,3.139758329,1,0,1,,0
31.3,2.23,507.13,6,156,2.88225122,0,1,1,0,0
33.58,-0.05,501.1,6,150,2.174008016,0,-1,,0,0
33.17,0.36,487.83,3,147,3.694353516,0,0,0,0,1
31.09,2.44,482.77,4,145,1.264857721,0,2,1,,0
32.4,1.13,473.84,7,162,1.638978947,0,0,1,0,0
32.27,1.26,496.27,7,149,2.119992684,0,-2,1,0,0
33.69,-0.16,488.4,6,166,2.250522095,0,-2,1,,0
33.05,,499.75,11,150,3.525748295,0,-1,1,0,1
32.13,1.4,511.02,9,145,2.534438556,0,2,0,0,0
31.49,2.04,506.15,8,143,2.364932207,0,2,1,,0
30.05,3.48,,8,142,1.610995263,0,0,1,0,1
31.48,2.05,505.85,11,155,3.260643479,0,-1,1,0,0
31.24,2.29,504.52,6,,1.704351382,0,2,1,0,0
34.16,-0.63,512.17,7,141,1.607772096,0,-2,1,0,0
32.04,1.49,524.66,6,163,2.219819301,0,0,0,0,0
30.45,3.08,526.58,6,,2.614235817,1,1,1,0,1
31.09,2.44,514.14,3,158,1.99590018,0,-2,1,0,0
32.16,1.37,495.21,4,129,2.994912252,0,-1,1,0,0
29.55,3.98,462.65,3,164,2.301916606,0,2,1,0,1
29.97,3.56,447.04,3,,3.236938258,1,-2,1,0,1
34.18,-0.65,446.58,4,141,2.853577428,1,1,1,,0
32.18,1.35,458.77,4,156,3.754035538,0,1,1,0,1
32.04,1.49,470.2,4,152,2.190439752,0,-1,0,0,0
32,1.53,476.73,6,158,3.090779717,0,-2,1,0,0
32.26,1.27,486.72,5,137,1.249232145,1,0,0,0,0
30.14,3.39,485.61,3,147,4.524161085,0,,1,0,1
32.17,1.36,494.13,4,143,3.055762573,0,1,1,0,0
29.31,4.22,495.42,5,138,2.292584944,0,-1,1,3.78,1
28.96,4.57,488.49,,155,2.318612353,0,-1,1,5.68,1
29.84,3.69,473.63,4,159,2.327083848,0,0,1,5.12,1
29.95,3.58,488.75,9,146,3.788025636,0,-1,0,6.1,1
30.68,2.85,466.76,8,165,3.12898465,1,-1,1,5.83,0
30.23,,462.51,8,142,2.189677188,0,-1,0,7.93,0
30.25,3.28,486.23,,164,1.632829487,0,-1,1,9.1,1
29.18,4.35,486.89,9,155,3.337273245,0,-1,1,12.44,1
31.55,1.98,478.8,6,137,3.086984248,0,1,1,8.9,1
29.48,4.05,,8,169,2.994459488,0,-2,1,14.24,1
32.94,0.59,474.26,7,145,2.441378895,0,2,0,8.52,1
31.39,2.14,468.28,,162,2.290267786,0,-1,0,12.81,1
29.59,3.94,461.53,6,151,3.679656458,0,2,1,17.62,1
28.57,4.96,441.55,8,153,3.744788468,0,2,1,20.85,1
29.91,3.62,464.87,6,159,2.948087413,1,1,,19.37,1
28.27,5.26,,6,158,3.178888605,0,-1,1,23.87,1
,2.84,450.9,6,146,2.665268715,0,2,1,20.22,1
30.59,2.94,473.16,6,155,,0,-1,0,21.61,1
,3.47,488.68,3,154,1.814180071,,0,1,23.89,1
31.65,1.88,472.25,5,152,3.302327332,1,0,0,21.89,1
31.34,,469.8,4,147,3.391593743,,0,1,23.71,1
,2.9,458.81,4,152,3.237888906,0,2,1,26.35,1
29.58,3.95,443.89,6,169,2.742236617,0,,1,29.63,1
29.26,4.27,441.52,6,147,3.263909269,0,,1,31.48,1
29.65,3.88,439.21,5,162,2.459303894,0,1,0,31.89,1
28.9,4.63,442.47,9,143,2.934973236,0,2,1,34.59,1
31.22,2.31,459.79,8,141,2.356722342,,-1,1,31.16,1
27.22,6.31,460.91,6,182,1.760250057,0,,0,40.36,1
30.6,2.93,457.18,6,155,,0,-1,1,34.79,1
27.65,5.88,445.11,,155,3.392587083,0,-1,1,41.9,1
29.47,4.06,441.11,2,155,4.231771146,0,,1,39.45,1
29.51,,426.06,3,164,2.684820301,1,-1,1,40.58,1
30.03,3.5,438.02,3,154,1.766533127,0,,1,40.73,1
30.22,3.31,457.32,4,158,,0,0,1,41.56,1
28.88,4.65,471.97,5,139,2.40487603,0,-1,1,45.43,1
27.68,5.85,470.75,5,159,2.603948465,0,,1,49.04,1
29.57,3.96,461.26,4,147,2.82961338,0,2,1,46.46,1
29.1,4.43,449.01,6,156,,0,2,1,48.61,1
29.89,3.64,441.07,6,132,3.043957581,0,1,1,48.23,1
31.95,2.18,96.18,0,156,2.638196133,0,-1,1,0,1
34.41,-0.28,190.8,1,127,,0,-2,1,0,0
34.81,-0.68,284.26,2,147,2.65899368,0,0,1,0,0
30.86,3.27,373.89,3,132,2.560711533,0,2,1,0,1
35.34,-1.21,493.44,4,156,2.885186805,0,0,1,0,0
34.82,-0.69,499.02,6,150,2.246962456,0,-2,1,0,0
34.72,-0.59,520.58,8,,2.656468007,0,2,1,0,0
33.43,0.7,534.69,7,164,2.889369531,1,0,0,0,0
35.84,-1.71,544.85,9,141,2.387970459,0,-2,1,0,0
34.09,0.04,523.14,9,119,2.973109422,0,0,1,0,0
34.75,-0.62,516.13,9,155,2.549087453,0,-1,1,0,0
34.5,,519.2,9,132,2.609661183,0,-2,1,0,0
33.76,0.37,522.27,11,141,0.454103841,0,0,0,0,0
34.03,,518.05,9,144,1.699278901,0,,1,0,0
34.65,-0.52,528.7,10,135,1.701183929,0,-1,1,0,0
34.46,-0.33,,10,145,2.651432553,0,-2,0,0,0
33.21,0.92,504.92,11,135,3.390165663,0,1,1,0,0
33.78,0.35,498.33,11,151,2.417109427,0,,1,0,0
33.47,0.66,502.69,10,137,3.093808726,0,-2,1,0,0
34.8,-0.67,,8,150,2.953776859,0,-1,1,0,0
31.74,2.39,524.64,8,161,2.597925396,0,-1,1,0,0
31.82,2.31,531.58,7,157,2.901783691,0,-2,1,0,0
32.54,,529.03,6,149,2.672160603,0,1,0,0,0
33.1,1.03,526.66,7,140,2.400403652,0,2,1,0,0
32.13,2,495.08,9,151,2.773756245,,0,1,0,0
34.67,-0.54,,8,143,3.512641987,0,-2,1,0,1
33.43,0.7,505.02,7,152,2.830924281,0,2,1,0,0
32.55,1.58,501.31,7,132,2.652579784,0,2,1,0,0
31.52,2.61,498.85,7,158,1.885784593,,-1,1,0,0
,2.65,509.58,5,150,3.491112604,0,0,1,0,0
,-0.27,509.27,5,172,1.515066028,0,-2,,0,0
,2.33,497.21,4,163,1.305755844,0,-1,1,0,0
30.38,3.75,487.22,6,155,2.760022482,0,-1,1,0,1
32.28,1.85,479.38,7,148,1.883467866,0,,1,0,0
34.39,-0.26,492.29,8,142,3.262369302,0,2,1,0,0
33.94,0.19,498.57,8,159,1.321406062,0,-2,1,0,0
33.26,0.87,500.48,8,147,3.173264531,0,-2,1,0,0
34.08,0.05,528.48,6,161,3.074687354,0,-2,1,0,0
32.84,1.29,533.67,7,154,2.582611175,0,-1,1,0,0
32.54,1.59,509.63,7,154,1.03029985,0,1,1,0,0
32.77,1.36,489.25,7,155,1.293687816,1,0,1,0,0
31.96,2.17,495.54,7,140,2.667954694,0,-1,1,0,0
31.95,2.18,466.6,9,139,2.3370456,0,0,1,0,0
31.72,2.41,469.91,7,139,3.009131199,0,1,1,0,0
33.98,,492.32,6,160,2.452248596,0,2,1,,0
,0.64,503.74,5,140,2.391373557,0,-2,,0,0
32.13,2,506.19,4,141,0.801577699,0,0,0,0,0
31.45,2.68,509.13,1,155,3.075702618,0,-1,1,0,0
30.58,3.55,495.69,1,147,2.045597671,0,0,0,0,1
30.63,3.5,484.15,2,146,2.221255853,,2,1,0,1
32.18,1.95,486.07,3,145,,1,-2,1,0,0
32.1,2.03,482.51,5,126,1.421712255,0,0,1,0,0
31.26,2.87,500.44,6,140,3.53049648,1,2,1,1.08,1
30.69,3.44,506.29,6,161,3.056841386,0,-1,1,3.42,1
,1.42,508.49,6,144,3.068396903,0,1,1,0.58,0
32.1,2.03,501.8,6,130,2.348442567,0,-1,0,,0
31.93,2.2,,5,139,1.283454288,1,-2,1,4.55,0
31.45,2.68,473.22,4,153,3.971431329,0,-1,1,6.7,1
31.21,2.92,468.89,5,153,2.795604142,0,-1,,8.38,1
28.83,5.3,464.96,5,147,2.59575244,0,-1,1,14.34,1
,3.89,444.42,4,143,,0,-1,0,12.72,1
30.44,3.69,443.67,6,135,1.068810623,0,-2,1,13.52,1
30.58,3.55,437.43,,153,3.299091113,1,2,0,14.43,1
30.2,3.93,446.88,5,158,1.759607545,0,0,0,16.41,1
32.14,1.99,458.55,4,162,2.882598414,,1,0,13.72,1
30.27,3.86,478.67,5,138,3.039583773,0,0,1,18.66,1
30.88,,500.43,3,163,2.733910335,0,0,1,18.63,1
28.07,6.06,495.16,4,149,2.828981478,0,1,1,25.46,1
31.12,3.01,502.45,6,150,3.442283826,0,-2,1,20.56,1
30.25,3.88,491.42,6,158,1.945309212,0,1,1,23.49,1
29.4,4.73,482.73,5,144,2.615151813,0,-2,1,26.41,1
31.17,2.96,461.16,4,128,2.342426217,0,0,1,24.05,1
30.62,3.51,462.53,3,157,1.212304467,0,-2,1,26.37,1
32.52,1.61,448.26,0,153,2.700433331,0,2,1,23.75,1
30.04,4.09,440.82,0,146,3.375875418,0,1,1,29.91,1
30.84,3.29,432.73,1,156,3.463433911,0,2,1,,1
28.63,5.5,428.32,3,158,,0,,0,35.14,1
29.55,4.58,,4,134,1.258396613,0,1,1,34.49,1
31.48,2.65,,5,150,3.640039389,,0,0,,1
31.4,2.73,451.68,,127,2.629387835,0,2,1,33.21,1
30.38,3.75,447.58,5,148,3.620393755,0,0,1,,1
28.93,5.2,446.49,4,,2.223652314,0,1,1,40.54,1
31.01,3.12,445.1,4,154,2.128439665,0,1,1,37.58,1
29.65,4.48,435.99,4,139,1.649309197,0,0,,41.5,1
33.03,1.1,434.5,4,145,3.043184296,0,1,1,35.95,1
28.5,5.63,426.64,6,117,2.860133249,0,1,1,46.21,1
30.21,3.92,439.28,5,155,1.718093306,0,0,1,43.97,1
30.14,3.99,452.38,5,149,0.985104263,0,2,1,45.33,1
28.72,5.41,459.24,6,150,2.790671664,0,1,1,49.36,1
29.55,4.58,,6,135,2.870419257,0,1,1,48.89,1
31.01,0.78,98.79,3,153,1.809133942,0,1,1,0,1
31.95,-0.16,198.91,3,166,1.668520111,0,1,1,0,0
30.14,1.65,286.18,4,148,2.959107725,0,0,1,,0
29.83,1.96,390.96,6,156,3.799475589,0,2,1,0,1
32.32,-0.53,497.23,6,141,2.153506861,0,2,0,0,0
30.13,1.66,506.6,5,149,1.884252747,0,-2,1,0,0
31.99,-0.2,520.65,8,134,2.709200925,0,1,0,0,0
33.14,-1.35,548.18,9,157,2.944677145,0,1,1,0,0
31.52,0.27,554.95,12,151,2.244996933,0,-2,1,0,0
31.15,0.64,555.45,12,137,3.917563758,0,2,1,0,1
33.41,-1.62,550.42,10,141,3.131179585,0,-1,1,0,0
30.93,0.86,532.97,8,150,2.233110506,0,-1,0,0,0
32.16,-0.37,524.61,6,159,1.385261919,0,2,1,0,0
30.9,0.89,502.79,3,164,3.423595251,0,1,1,0,0
32.37,,495.97,4,148,3.334351865,0,-1,1,0,0
31.71,0.08,510.7,5,136,2.288072991,0,0,1,0,0
,1.83,518.44,4,152,2.74540282,0,0,1,0,0
30.16,1.63,514.32,5,167,2.394671072,0,-2,1,0,0
31.51,0.28,536.4,3,133,2.864419217,0,2,1,0,0
31.54,0.25,528.38,4,140,1.782535328,0,2,0,0,0
31.16,0.63,499.88,,156,1.682736616,0,-1,0,0,0
28.81,2.98,501.4,8,151,3.067604613,0,1,1,0,0
30.08,1.71,500.6,7,144,3.15633039,0,2,1,0,0
31.37,0.42,480.39,10,152,2.156445582,0,-1,,0,0
29.32,,472.09,10,159,1.975615247,0,-1,1,0,0
30.2,1.59,477.13,10,149,3.303296517,1,2,1,0,0
32.04,-0.25,463.04,9,148,,0,-1,0,0,0
31.15,0.64,475.1,13,155,2.538787879,0,-2,1,0,0
29.36,2.43,,13,147,2.450009515,0,-2,1,0,0
32.13,-0.34,496.29,11,161,1.473165838,0,2,0,0,0
31.58,0.21,512.61,11,,2.634479987,0,1,1,0,0
30.85,,521.3,10,141,2.566084867,0,-2,1,0,0
32.5,-0.71,521.09,7,,2.752133895,0,-2,1,0,0
30.1,1.69,521.27,6,153,2.610761609,0,2,,0,0
,2.22,516.63,7,137,3.994981187,0,0,1,0,1
32.18,-0.39,497.58,11,136,3.313174762,0,-1,1,0,0
28.77,3.02,489.34,9,129,2.5271663,0,-2,1,0,1
33.57,-1.78,489.13,10,146,2.591167359,0,0,1,0,0
27.76,4.03,479.42,8,149,3.734533445,0,1,1,0,1
31.13,0.66,477.65,7,144,3.10416145,0,0,1,0,0
,0.93,499.05,3,163,1.639697998,0,2,1,0,0
30.01,1.78,516.09,4,163,3.164263756,0,1,0,0,0
28.57,3.22,505.44,3,169,3.369960757,0,1,1,0,1
30.79,1,538.74,7,150,3.632401953,0,0,1,0,1
28.92,2.87,546.69,10,,2.218955823,0,2,1,0,0
29.26,2.53,527.09,9,153,2.167884653,0,-2,0,0,0
28.65,3.14,511.5,8,152,1.840729485,0,0,1,0,1
28.55,3.24,492.52,7,145,2.715689225,,-2,1,0.51,1
27.3,,477.14,3,127,3.013007308,0,0,0,4.2,0
28.74,3.05,458.11,0,156,2.140669569,0,-2,0,2.53,1
28.78,3.01,455.78,1,161,2.400729292,0,0,1,3.63,1
28.5,,448.32,2,134,1.062397543,0,1,1,5.41,0
30.2,1.59,454.7,2,149,3.556614335,0,-1,1,3.2,1
28.64,3.15,451.01,2,159,1.40451654,0,1,1,7.53,1
30.66,1.13,452.32,3,146,2.762345827,0,-2,1,4.67,0
29.33,2.46,,3,161,2.666778383,0,,1,8.54,1
27.93,3.86,453.04,2,,2.532065578,0,1,1,12.55,1
28.86,,467.23,2,144,2.548157815,0,-1,1,,0
27.42,,469.45,4,162,1.791753177,0,-2,0,15.96,1
26.01,5.78,473.45,3,140,2.270354357,0,1,1,19.99,1
30.21,1.58,500.16,3,142,3.178265457,0,0,1,12.78,1
28.86,2.93,,4,141,3.38560885,0,2,1,16.69,1
24.65,7.14,481.18,,138,2.205369343,0,-2,,26.29,1
26.83,4.96,482.52,3,151,1.407706329,0,1,0,23.14,1
30.42,1.37,477.47,,144,1.954928304,0,-2,1,17.16,1
28.16,3.63,,2,154,3.796887966,0,0,1,22.87,1
30.73,1.06,482.93,2,132,1.996598857,0,,1,18.95,1
30.34,1.45,495.36,3,138,2.431957431,0,1,1,20.91,1
28.6,3.19,483.61,2,150,3.491138653,0,-2,0,25.6,1
26.98,4.81,475.81,,164,2.131172796,0,-2,1,30.05,1
,4.21,473.02,4,153,2.384125227,0,-2,1,30.03,1
29.19,2.6,464.8,4,144,3.056148804,0,-1,1,28.02,1
28.28,3.51,465.7,4,135,3.698264807,0,-2,1,31.04,1
27.08,4.71,473.58,4,143,2.048113695,0,2,1,34.64,1
28.53,3.26,479.14,4,149,3.474466671,0,2,1,32.93,1
27.62,4.17,455.13,5,126,2.302929903,0,-2,0,35.95,1
27.77,4.02,449.99,4,137,1.879849906,0,2,1,36.86,1
26.47,5.32,434.45,,142,2.674689501,0,1,1,40.66,1
26.72,5.07,422.24,6,147,1.68970236,0,2,0,41.36,1
26.99,4.8,430.53,6,149,2.830408002,0,-2,1,42.02,1
,7.34,435.29,5,143,4.704753608,0,0,1,48.31,1
27.09,4.7,445.32,5,155,3.273920571,0,1,1,44.21,1
27.81,3.98,453.12,6,151,2.426570254,0,,1,43.98,1
,6.75,443.54,4,146,3.236541335,0,-2,1,50.73,1
25.04,6.75,438.48,4,,1.84793479,0,-1,0,51.92,1
29.56,2.23,439.89,3,155,1.965427755,0,0,,44.08,1
27.74,4.05,427.93,3,135,2.445984657,0,-1,1,48.92,1
26.32,5.47,416.99,2,149,2.56144684,0,-2,1,52.96,1
26.7,5.09,439.98,2,158,1.594688027,0,-2,1,53.4,1
27.72,4.07,445.46,4,160,2.285465756,,0,0,52.56,1
30.25,-1.79,103.14,1,153,2.398787898,0,-2,1,0,0
28.53,-0.07,222.26,3,147,3.579380643,0,0,1,0,1
30.21,-1.75,327.88,7,154,1.594658139,0,0,0,0,0
,-0.99,429.73,8,158,1.529766022,0,,1,0,0
29.4,-0.94,,10,151,2.62299626,0,2,,0,0
29.41,-0.95,534.3,10,152,3.305613622,0,0,1,0,0
29.31,-0.85,536.75,8,147,2.88611511,0,-2,1,0,0
27.5,0.96,528.89,5,136,2.711873825,0,2,1,0,0
26.7,1.76,538.7,6,148,2.297974379,1,0,1,0,0
28.32,0.14,530.04,7,143,2.973273451,0,2,1,0,0
26.77,,530.62,10,143,3.078822454,0,1,1,0,0
29.96,-1.5,512.36,10,164,2.319882394,0,1,0,0,0
27.18,1.28,512.85,10,159,1.835962843,0,2,0,0,0
,1.96,505.49,9,133,1.840514533,0,0,0,0,0
25.42,3.04,,7,139,3.115113995,0,-2,0,0,1
27.58,0.88,492.8,5,146,1.419008675,0,-1,0,0,0
28.64,-0.18,508.15,9,143,3.673941423,0,-2,1,0,1
29.06,-0.6,511.81,8,153,2.180712015,0,,1,0,0
28.07,0.39,499.37,9,137,2.716672351,0,-1,0,0,0
28.07,0.39,520.8,8,159,2.991197041,0,,1,0,0
27.59,0.87,538.93,,149,2.021419999,0,2,1,0,0
26.55,,522.65,3,146,2.17807151,0,-2,1,0,0
27.62,0.84,516.71,6,149,2.592379001,0,2,1,0,0
25.77,2.69,532.69,5,145,1.902395427,0,1,1,0,0
26.72,1.74,505.78,6,129,1.752650766,0,0,1,0,0
29.43,-0.97,508.02,9,150,1.815552429,0,0,1,0,0
25.57,2.89,508.2,9,146,3.3464024,0,1,1,0,0
25.39,3.07,494.77,8,140,,0,-2,1,0,1
26.35,2.11,492.69,9,160,1.944783059,0,1,1,0,0
,3.06,490.27,9,156,3.110931619,0,-2,1,0,1
27.14,1.32,480.33,6,174,1.983571327,0,-1,1,0,0
27.4,1.06,478.15,6,158,1.134711459,0,0,1,0,0
27.01,1.45,497,5,143,2.987766294,0,-2,0,0,0
26.83,1.63,487.88,,140,3.652361666,0,2,0,0,1
27.45,1.01,505.37,2,145,2.89062777,0,2,1,0,0
26.85,1.61,499.28,3,143,1.178864134,0,0,1,0,0
27.1,1.36,502.05,3,151,,0,1,,0,0
27.08,,489.3,3,134,2.3077954,0,1,1,0,0
27.9,0.56,482.95,4,156,2.764748514,0,-2,1,0,0
28.01,0.45,470.21,5,150,1.906911506,0,1,0,0,0
24.97,3.49,477.38,5,155,2.266565925,0,0,0,0,1
26.01,2.45,470.26,6,138,1.505941912,0,-2,1,0,0
26.58,1.88,483.32,7,152,2.655239548,0,-1,0,0,0
27.09,1.37,498.05,9,162,1.531972857,0,1,0,0,0
26.4,2.06,511.82,,141,2.80619714,0,1,1,1.21,0
27.67,0.79,523.88,,141,1.974616968,0,-2,0,0,0
26.05,2.41,524.32,6,157,0.301009821,0,2,1,4.31,0
27.53,0.93,526.28,4,140,3.0556307,0,1,1,2.55,0
25.9,2.56,523.04,1,147,2.845828013,0,0,1,7,0
26.47,1.99,518.49,2,164,3.447059433,0,1,1,7.07,0
25.06,3.4,509.74,2,141,1.036917045,0,-1,1,11.07,1
26.89,1.57,515.4,4,165,2.041815322,0,1,1,8.62,1
,4.2,496.31,,146,2.592115072,0,2,1,15.08,1
26.45,2.01,482.63,5,138,2.900194125,0,1,1,11.9,1
27.51,0.95,,3,156,1.475981244,0,,0,10.98,1
25.09,3.37,477.56,3,151,2.80202197,0,1,0,17.02,1
24.25,4.21,458.1,1,150,2.099756164,0,2,1,19.89,1
25.98,2.48,478.53,1,142,1.201444936,0,-2,1,17.65,1
26.1,2.36,498.45,2,151,,0,,1,18.59,1
25.03,3.43,465.62,3,129,2.860063996,0,-2,1,,1
25.5,2.96,456.82,4,152,1.230691349,0,-1,0,22.2,1
24.87,3.59,453.84,5,162,2.945936288,0,-2,1,24.66,1
25.36,3.1,436.39,5,132,2.698364602,0,0,1,24.87,1
25.79,2.67,434.52,5,145,2.322298646,0,1,1,25.21,1
25.09,3.37,455.69,5,,,0,-2,1,27.81,1
24.44,4.02,457.85,6,134,1.411535824,0,-2,1,30.32,1
22.73,5.73,470.89,5,129,2.221062848,0,-2,1,34.94,1
24.33,4.13,465.69,5,138,1.712541985,0,-2,,32.94,1
21.52,6.94,435.19,5,147,2.266368976,0,0,1,39.75,1
24.51,3.95,415.51,6,161,3.13432751,0,2,1,34.97,1
24.71,3.75,417.52,4,134,2.308885148,0,2,1,35.79,1
,3.8,413.38,,152,2.289688544,0,-2,1,37.08,1
24.7,3.76,427.27,4,152,2.290243057,0,0,0,38.21,1
24.26,,444.75,3,166,3.209381352,0,0,1,,0
23.51,4.95,447.6,,155,3.405358921,0,-2,1,42.98,1
23.76,4.7,454.46,4,,2.795353599,0,-1,0,43.68,1
25.19,3.27,,4,156,2.595614062,0,-2,1,42.02,1
23.73,4.73,435.92,5,140,2.66069383,0,-1,1,46.14,1
25.24,3.22,437.97,6,144,3.499566332,0,-2,1,44.32,1
25.8,2.66,447.74,7,161,2.833376932,0,-1,1,44.4,1
22.21,6.25,439.21,5,129,3.565707237,0,-1,1,52.78,1
23.42,5.04,447.11,6,143,2.206640604,,-2,1,51.56,1
23.17,5.29,462.01,5,136,1.565101686,0,-1,1,53.26,1
23.45,,462.37,4,152,2.031658361,0,1,1,53.9,1
,3.17,456.69,5,145,2.106042148,0,2,1,51.41,1
24.7,3.76,469.14,5,156,3.623169549,0,0,0,53.79,1
25.21,3.25,457.75,,,3.015489621,0,-1,1,53.97,1
23.14,5.32,454.23,5,134,2.053780433,0,-1,1,59.31,1
25.3,3.16,439.89,6,135,3.065887824,0,0,1,56.2,1
24.35,4.11,440.56,5,149,2.409293222,0,-1,1,59.29,1
29.92,1.34,101.9,0,142,3.644186184,,0,1,0,1
33.45,-2.19,207.72,2,144,,0,-2,1,0,0
31.33,-0.07,314.88,3,159,1.42277752,0,1,1,0,0
,-0.92,410.32,4,157,2.369274253,0,1,0,0,0
30.8,0.46,503.24,5,167,2.266791968,0,2,0,0,0
31.88,-0.62,509.22,,146,1.559741346,0,-1,1,0,0
29.85,1.41,508.31,10,143,2.91013823,0,2,0,0,0
30,1.26,508.52,10,154,3.497303181,0,-2,1,0,0
28.44,2.82,,9,144,1.714260973,0,1,0,0,0
31.61,-0.35,521.96,10,144,3.180897275,0,-2,1,0,0
32.55,-1.29,532.16,5,147,2.075358421,0,-2,1,0,0
29.87,1.39,513.25,5,166,2.48269701,0,-1,1,0,0
30.64,0.62,519.12,7,157,2.409159443,0,-2,1,0,0
30.2,1.06,536.4,9,158,2.482702394,0,1,1,0,0
30.11,1.15,515.97,,166,2.83115787,0,2,0,0,0
30.2,1.06,489.98,10,,1.783072152,0,1,0,0,0
29.73,1.53,498.32,10,138,3.405310076,,-1,1,0,0
31.57,-0.31,485.55,7,158,2.85247993,0,1,1,0,0
29.21,2.05,483.01,9,160,3.084907943,0,0,1,0,0
30.65,0.61,496.94,10,156,1.953953833,0,2,1,0,0
32.71,-1.45,525.72,7,148,1.719658297,0,0,1,0,0
28.94,2.32,518.19,6,155,3.327899402,,0,1,0,0
33.17,-1.91,530.47,6,149,1.689575528,0,-1,0,0,0
29.29,1.97,516.09,2,140,2.604513669,0,-2,1,0,0
31.42,-0.16,503.89,3,142,3.213297082,0,0,1,0,0
32.69,-1.43,492.78,4,157,2.411238622,0,1,1,0,0
31,0.26,521.96,6,140,3.319053944,0,-2,1,0,0
28,3.26,507.06,7,141,2.309909187,0,1,1,0,1
30.41,0.85,519.16,8,157,1.605807401,0,1,1,0,0
31.91,-0.65,523.19,6,151,2.761920779,,-2,1,0,0
30.63,0.63,511.35,7,155,2.638807224,0,-2,0,0,0
30.87,0.39,497.7,6,137,4.381583371,0,1,0,0,1
29.87,1.39,,6,155,1.838423794,0,-1,1,0,0
28.38,2.88,506.58,6,143,2.323707026,0,2,1,0,0
27.03,4.23,493.24,6,139,1.988394066,0,,1,0,1
28.63,2.63,502.04,5,144,2.400260793,0,-1,0,0,0
28.56,2.7,499.69,3,163,2.372038297,0,-2,0,0,0
31.7,-0.44,501.94,5,146,1.889390125,0,1,1,0,0
32.24,-0.98,,5,172,2.827766327,0,2,,0,0
28.61,2.65,519.43,6,129,2.35009929,0,1,1,0,0
28.2,3.06,495.49,8,134,3.441838078,0,-1,1,0,1
29.97,1.29,491.73,,163,2.046010014,0,1,0,0,0
30.14,1.12,473.94,8,165,3.80296115,0,-1,1,0,1
29.22,2.04,451.5,9,,2.693111804,0,-2,1,0,0
30.45,0.81,455.67,9,150,3.389933408,0,-1,1,0,0
29.34,1.92,480.7,7,157,2.580817426,0,-1,1,0,0
29.58,1.68,470.78,6,147,1.95354192,0,2,1,0,0
27.88,3.38,468.35,7,151,2.315535356,0,1,0,1.84,1
28,3.26,,6,150,1.529262252,0,,1,2.81,1
28.27,2.99,465.26,7,135,2.421926469,0,,0,3.45,0
28.36,2.9,440.41,9,146,2.620465013,0,-1,1,4.49,0
26.92,,452.27,10,150,2.532005957,0,0,1,8.56,1
29.17,2.09,452.03,10,151,3.431110058,0,2,1,,0
30.17,1.09,452.86,10,132,2.395606318,,1,1,4.45,0
30.19,1.07,472.06,8,157,1.174204485,0,2,1,5.62,0
29.12,2.14,491.58,5,151,4.980845508,0,1,0,8.96,1
26.95,4.31,,3,139,2.016574021,0,1,1,14.5,1
,3.15,471.55,1,167,3.178121576,0,-2,1,13.39,1
28.65,2.61,474.07,1,146,1.44702733,0,-1,1,13.5,1
25.26,6,448.23,2,147,2.671648521,0,2,1,21.48,1
,2.9,442.81,5,156,1.943817934,0,1,1,16.48,1
27.28,3.98,441.55,5,168,0.524155529,0,2,1,19.85,1
28.32,2.94,449.27,5,156,2.302033003,1,2,1,18.96,1
26.45,4.81,453.67,5,158,2.464954249,0,1,0,23.89,1
26.04,5.22,461.36,7,139,2.346779853,0,0,1,25.92,1
28.1,3.16,455.52,5,150,2.670179344,,-1,1,23,1
26.57,4.69,463.41,6,144,2.311344339,0,-1,1,27.26,1
29.98,1.28,460.31,6,157,2.548404871,0,-2,0,21.64,1
29.64,1.62,454.46,6,157,2.619078401,1,-2,1,23.51,1
28.56,2.7,455.4,3,166,2.475375338,0,-2,0,26.89,1
,2.81,461.04,4,128,2.380456917,1,,1,28.3,1
28.91,2.35,463.06,3,143,1.874442543,0,0,1,,0
28.21,3.05,470.8,3,163,2.916111923,0,-1,1,31.18,1
27.14,4.12,465.01,4,135,2.301901857,,-1,1,34.52,1
26.79,,476.06,5,158,2.245321992,0,-1,1,36.42,1
28.75,2.51,484.96,5,161,2.858606017,0,-1,1,33.7,1
26.45,4.81,480.67,6,,2.648370619,0,0,1,39.49,1
27.87,3.39,471.08,7,135,2.011245775,0,-2,1,37.87,1
26.15,5.11,461.17,5,148,3.37546105,0,2,,42.5,1
,2.05,475.97,7,164,1.667543211,0,-2,1,37.58,1
28.85,2.41,,6,,1.777967819,0,-2,1,39.5,1
25.75,5.51,,6,152,2.967847777,0,2,1,46.89,1
30.19,1.07,478.11,5,140,3.725794918,0,-1,1,,1
25.43,5.83,490.81,5,167,2.095818465,0,0,1,49.94,1
28.45,2.81,477.4,2,158,2.788974961,0,0,1,45.09,1
26.21,5.05,473.88,3,140,1.665345509,0,-2,0,50.78,1
26.59,4.67,465.02,2,153,1.849710279,0,2,1,51.21,1
29.79,1.47,459.31,3,152,3.292538734,0,1,1,46.03,1
24.6,6.66,,,143,2.756034122,0,-1,1,,1
26.72,4.54,450.76,4,153,3.314260829,0,-2,1,54.56,1
31.53,-0.23,107.3,1,161,3.260416128,0,0,0,0,0
,1.01,220.43,1,147,1.037315215,0,2,1,0,0
32.27,-0.97,331.69,5,162,1.662831962,1,,1,0,0
31.32,-0.02,427.18,6,132,2.692133061,0,-2,1,0,0
30.07,1.23,529.65,8,172,1.312037013,0,1,0,0,0
29.72,1.58,510.13,7,150,1.76198647,0,0,1,0,0
31.04,0.26,492.61,8,160,3.498877183,,,1,0,0
29.35,1.95,488.57,4,152,2.120903886,0,1,0,0,0
32.46,-1.16,511.24,4,141,2.997209005,0,2,1,0,0
32.22,-0.92,506.16,5,149,2.480282211,,-1,1,0,0
31.33,-0.03,538.39,6,130,2.024044622,0,0,1,0,0
30.94,0.36,557.83,5,156,1.335053509,0,0,,0,0
31.05,0.25,547.53,5,151,2.663311475,0,1,,0,0
30.33,0.97,520.59,7,148,3.518223877,0,-2,1,0,1
31.5,-0.2,523.21,5,157,2.043930764,0,2,0,0,0
31.44,-0.14,523.04,6,150,,0,1,1,,0
31.28,0.02,518.67,8,156,1.436147838,0,-1,1,0,0
31.28,0.02,531.84,10,159,2.029477366,0,-1,1,0,0
27.98,3.32,532.53,9,144,2.738617162,0,-1,1,0,1
30.36,,531.6,9,141,3.020601074,0,1,1,0,0
30.38,0.92,509.9,10,132,2.889164125,0,2,1,0,0
30.29,1.01,514.08,9,151,1.077914082,0,0,1,0,0
30.12,1.18,493.75,8,,2.180145613,0,-2,0,0,0
29.23,2.07,508.53,9,136,1.822903223,0,0,0,0,0
29.37,1.93,513.34,10,164,,,2,1,0,0
30.51,0.79,517.56,9,141,2.422165995,0,0,1,0,0
31.14,0.16,517.94,8,128,3.246446324,0,1,1,0,0
29.16,2.14,538.65,8,164,2.706665926,0,-1,1,0,0
30.73,0.57,548.17,7,,3.492482381,0,,1,0,0
30.51,0.79,552.62,7,159,2.01034278,0,2,0,0,0
29.67,1.63,537.11,8,157,1.508046409,0,0,1,0,0
29.79,1.51,512.33,10,153,3.518669849,0,1,1,0,1
29.76,1.54,504.67,13,144,,0,0,1,0,0
31.77,-0.47,,13,155,1.979709763,0,0,1,0,0
29.99,1.31,486.46,13,160,2.806476015,0,2,0,0,0
30.23,1.07,514.39,12,140,3.084681697,,0,1,0,0
30.65,0.65,523.6,10,159,2.583433569,0,-1,1,0,0
28.53,2.77,503.1,8,159,1.9896745,0,0,1,0,0
27.71,3.59,479.71,8,152,2.191116037,0,-1,1,0,1
27.8,3.5,483.71,6,144,2.703435048,0,2,1,0,1
29.51,1.79,470.62,5,159,2.639221569,0,1,1,0,0
28.53,2.77,474.44,5,155,3.34858204,0,-1,1,0,0
29.75,1.55,489.61,4,139,,0,1,0,0,0
30.39,,505.38,3,146,1.825367581,0,1,1,0,0
30,1.3,508.12,3,158,4.303938031,0,-1,0,0,1
28.86,2.44,495.04,3,151,2.62214174,0,2,1,0,0
29.53,1.77,481.19,3,160,3.083983931,1,-2,1,0,0
29.72,1.58,471.08,4,146,2.86529386,,,1,0,0
28.89,2.41,454.54,4,140,2.630602107,0,1,1,1.02,0
27.55,3.75,456.55,4,171,,0,2,,4.9,1
30.25,1.05,464.83,4,133,0.537329008,0,2,1,0.69,0
28.16,3.14,469.9,6,145,1.755745131,0,0,1,6.07,1
28.4,2.9,491.09,6,152,2.730383449,0,2,1,6.81,0
30.41,0.89,493.03,8,159,0.596718733,,,1,3.99,0
27.38,3.92,473.74,9,156,2.550132875,0,-1,,11.24,1
30.07,1.23,486.89,8,173,2.962861358,0,-2,1,7.07,0
27.17,4.13,476.4,,,3.083295032,0,0,1,14.05,1
27.45,3.85,451.7,5,141,2.918708673,0,-1,1,14.69,1
26.15,,454.19,4,147,3.170874366,0,-2,1,18.49,1
26.83,4.47,455.16,4,146,3.623927968,1,-2,0,18.35,1
26.98,4.32,430.99,4,149,3.267282555,0,-2,1,19.23,1
26.93,4.37,444.42,4,140,2.637781979,0,-1,1,20.54,1
27.08,4.22,440.26,4,157,2.405766102,0,0,1,21.44,1
28.49,2.81,447.42,3,153,2.580246512,0,0,1,19.83,1
27.81,3.49,470.25,2,137,2.307151294,0,-2,1,22.38,1
28.27,3.03,479.52,7,159,3.282306513,0,-1,1,22.67,1
26.76,4.54,468.48,8,141,2.900470146,0,,1,26.88,1
26.68,4.62,469.59,8,138,2.233246482,0,2,0,28.24,1
27.89,3.41,466.76,9,,3.426861449,0,0,0,27.01,1
25.44,5.86,450.53,9,132,2.295684802,0,1,1,33.12,1
26.23,,431.82,4,155,,0,-2,1,32.73,1
25.55,5.75,442.07,4,121,2.492480217,0,2,1,,1
28.32,2.98,446.52,4,139,1.923106561,0,0,0,30.96,1
27.44,3.86,449.74,3,165,,1,-1,1,33.92,1
28.99,2.31,,3,143,1.908197471,,0,1,32.02,1
25.73,5.57,472.62,7,144,2.41924126,0,-1,1,39.74,1
25.95,5.35,466.19,6,162,3.157795244,0,-1,0,40.5,1
26.07,5.23,459.6,7,142,2.001458629,0,-2,0,41.46,1
27.02,4.28,438.72,6,157,2.787800473,1,-2,1,40.76,1
26.9,4.4,443.95,8,161,1.818609249,0,0,0,42.21,1
26.67,4.63,435.5,5,154,2.671068189,0,2,1,43.87,1
27.84,3.46,428.05,6,135,2.897072794,0,0,1,42.72,1
25.82,5.48,425,5,143,2.470494628,0,1,0,47.96,1
28.48,2.82,433.61,5,177,2.523468401,0,-1,0,43.84,1
26.51,4.79,,4,145,2.810790075,0,-1,1,48.98,1
26.05,5.25,416.54,3,179,2.303643991,0,-2,0,51.09,1
27.52,3.78,416.95,3,167,3.122687542,0,2,1,49.36,1
26.65,4.65,436.88,4,155,3.459798733,0,-2,1,52.31,1
25.18,6.12,420.86,5,152,1.851950739,0,1,1,56.43,1
26.99,4.31,429.59,5,,3.736941702,0,,1,54.02,1
35.36,-0.7,118.75,0,149,2.287558568,0,0,0,0,1
36.38,-1.72,,1,143,3.896041465,0,2,1,0,1
34.88,-0.22,324.63,3,149,2.29705804,,-2,,0,0
34.68,-0.02,429.33,5,136,2.995165003,0,-2,1,0,0
35.25,,531.27,7,135,2.991407428,0,1,,0,0
35.06,-0.4,527.65,12,163,2.228881923,0,0,1,0,0
34.17,0.49,533.74,13,133,2.550839172,1,-2,1,,0
33.58,1.08,536.04,,158,3.507930389,1,2,0,0,1
34.57,0.09,527.2,10,131,2.274472285,0,0,1,0,0
36.11,-1.45,534.09,8,156,2.207717754,0,,1,0,0
34.01,0.65,521.24,6,147,,0,2,1,0,0
34.72,-0.06,516.18,4,163,3.597286554,0,-1,0,,1
34.92,-0.26,526.55,5,146,2.163456407,0,1,1,0,0
32.54,2.12,535.68,,129,3.339986153,,2,1,0,0
35.41,-0.75,520.89,9,148,2.079051628,0,-2,0,0,0
32.27,2.39,511.54,8,151,3.318009231,0,-1,,0,0
35.21,-0.55,509.75,9,148,3.064650182,0,1,1,0,0
33.66,1,503.76,9,155,2.340097655,0,-2,1,0,0
32.26,2.4,502.27,7,144,1.98600682,0,-1,0,0,0
33.36,1.3,500.96,6,137,2.042878597,0,0,1,0,0
34.37,0.29,522.79,7,140,,0,-2,1,0,0
31.31,3.35,527.51,7,144,3.245628226,0,2,1,0,1
33.07,1.59,518.6,8,144,2.612161255,,1,1,0,0
32.62,2.04,510.51,11,,1.719414297,0,-1,1,,0
34.1,0.56,524.7,13,162,2.323506612,0,-2,1,0,0
32.1,2.56,502.59,11,156,2.408285929,0,,1,0,0
32.69,1.97,483.36,12,154,1.002707774,0,1,1,0,0
33.87,0.79,478.31,11,152,,0,1,1,0,0
30.74,3.92,482.31,6,153,3.006235083,0,-2,1,0,1
33.2,1.46,475.22,6,151,2.403660482,0,0,1,,0
35.09,-0.43,488.39,5,150,2.678084815,0,-1,1,0,0
33.5,1.16,516.28,5,129,2.839159192,0,-2,1,0,0
29.77,,499.44,4,146,2.260178431,0,-1,0,0,0
32.21,2.45,507,5,147,3.011528263,0,1,1,0,0
34.8,-0.14,499.4,4,142,3.520239008,0,-1,1,0,1
32.9,1.76,480.03,4,144,1.433298954,0,0,1,0,0
32.72,1.94,473.72,3,153,2.258605173,0,2,,0,0
32.07,2.59,478.87,5,157,4.130732238,0,0,,0,1
31.23,3.43,455.87,5,152,2.619395768,0,-1,1,0,1
31.32,3.34,465.73,9,157,2.475603635,0,-2,,0,1
31.74,,474.93,10,157,2.319370299,0,,1,0,0
35.14,-0.48,466.99,10,147,3.392104601,0,,1,0,0
33.56,1.1,487.49,9,155,1.842704763,0,-2,1,0,0
32.43,2.23,497.35,,132,3.148322169,0,-2,0,0,0
34.06,0.6,486.04,8,146,2.306274278,0,0,1,0,0
30.4,4.26,472.65,9,144,1.975109954,0,-1,1,0,1
,1.95,482.12,9,165,,0,0,1,0,0
33.27,1.39,472.55,8,153,2.46753366,0,-1,1,0,0
,2.22,481.94,5,136,2.151579462,0,0,1,0,0
32.52,2.14,480.78,4,155,3.278940762,0,-2,0,0,0
32.79,1.87,484.8,2,159,1.980541134,0,1,1,0,0
30.48,4.18,465.9,1,149,2.598052394,1,-1,1,1.45,1
31.67,2.99,473.89,,156,2.876202814,0,2,0,0.27,0
31.53,3.13,453.11,2,,2.590806134,0,2,1,1.74,1
33.49,1.17,476.09,1,123,,1,-2,0,0,0
31.6,3.06,486.56,2,138,2.196505177,0,0,1,4.01,1
31.6,3.06,502.7,5,151,2.935838928,0,0,1,5.2,1
31.96,2.7,508.33,4,165,,0,-2,0,5.68,0
33.2,1.46,534.06,5,138,3.177684054,,,1,4.41,0
30.43,4.23,521.47,6,141,1.180039436,0,2,1,11.15,1
29.81,4.85,509.98,9,150,2.856332297,0,0,1,13.57,1
30.63,4.03,503.14,8,145,3.130888839,0,-1,0,13.14,1
32.89,1.77,490.82,9,,2.211978958,0,1,1,9.82,1
30.53,4.13,481.54,8,145,2.116525003,0,-1,1,15.74,1
31.24,3.42,475.46,7,163,2.009035676,0,2,1,,1
30.98,3.68,480.15,4,161,1.777596041,0,-1,1,17.24,1
32.46,2.2,467.92,4,150,2.966032038,0,1,1,15.47,1
31.51,3.15,472.26,4,166,4.097332042,0,-1,0,18.57,1
30.88,3.78,463.37,6,155,2.110785984,0,-1,1,,1
31.28,3.38,475.29,8,161,2.173416088,1,-1,0,21.43,1
30.96,,478.44,9,141,2.510777576,0,-1,1,23.28,1
32.39,,476.32,9,143,1.378617491,0,-2,,21.62,1
,6.28,470.61,8,143,2.013116166,0,2,1,30.85,1
32.55,2.11,,7,149,2.460124024,0,1,0,23.7,1
30.93,3.73,470.64,7,150,1.874250174,0,2,1,28.14,1
31.44,3.22,464.41,5,,,0,-2,1,28.32,1
32,2.66,474.12,3,169,1.594327844,0,-2,,28.4,1
29.91,4.75,460.85,3,157,3.130703727,0,-2,1,33.78,1
30.5,4.16,458.34,3,144,,0,-2,1,,1
31.25,3.41,475.5,2,149,2.767207321,0,-1,1,33.49,1
30.95,3.71,476.53,2,165,2.40378461,0,2,1,35.3,1
29.95,4.71,459.18,2,157,2.672397269,0,0,1,38.49,1
29.94,4.72,467.07,3,164,2.191605526,0,1,1,39.72,1
30.9,3.76,,3,145,1.074752261,0,-2,1,39.01,1
30.89,3.77,429.25,3,142,1.814523367,0,2,1,40.22,1
30.68,3.98,431.34,5,143,2.492174619,0,-2,0,41.84,1
31.13,3.53,,6,145,1.841519181,0,-2,,42.15,1
30.48,4.18,455.93,6,139,2.21081398,,-2,1,,1
28.24,6.42,,,152,2.835425412,0,-2,0,50.32,1
30.89,3.77,459.02,6,153,2.601516921,0,-2,1,46.22,1
29.62,-0.54,99.59,1,163,3.24093234,0,1,1,0,1
25.56,3.52,186.67,,132,2.705917277,0,2,1,0,1
28.99,0.09,276.8,5,140,2.747079525,0,-2,1,0,0
29.55,-0.47,389.38,7,158,2.0013975,0,-2,,0,0
31.22,-2.14,499.05,7,151,1.568225731,,-2,0,0,0
31.52,-2.44,528.78,9,150,2.210954498,1,-2,1,0,0
30.97,-1.89,554.02,9,162,1.990970582,0,-1,1,0,0
29.19,-0.11,559.34,9,139,2.383262658,0,-1,1,0,0
30.35,-1.27,555.86,9,142,1.753773146,0,0,1,0,0
28.16,0.92,556.89,10,141,3.089742116,0,-2,0,0,0
26.47,2.61,509.74,9,129,1.988387551,0,0,1,0,0
28.52,0.56,514.13,8,151,2.245361685,1,1,1,0,0
29.7,-0.62,528.46,9,144,,1,0,1,0,0
28.62,0.46,521.45,9,142,3.286223863,0,2,,,0
27.43,1.65,,10,140,3.731084986,0,-1,1,0,1
26.79,2.29,536.24,9,149,3.779209359,0,-1,1,0,1
28.07,1.01,516.65,8,142,1.602743066,0,-2,1,0,0
27.55,1.53,501.26,6,152,,0,-2,1,0,0
26.55,2.53,497.11,6,154,2.105629485,0,1,1,0,0
25.53,3.55,484.76,5,147,2.759216389,1,1,1,0,1
27.48,1.6,489.28,5,146,2.716497822,0,2,1,0,0
28.2,0.88,503.93,4,151,2.091898706,0,-2,1,0,0
27.76,1.32,501.7,,149,2.036644514,0,-2,0,0,0
29.33,-0.25,523.36,2,163,1.801796383,0,1,,0,0
27.15,1.93,526.88,2,153,0.642086358,1,1,0,0,0
,2.64,514.65,,160,1.591284827,0,1,1,0,0
29.71,-0.63,501.49,3,156,3.106742266,0,-1,1,0,0
26.82,2.26,519.34,5,136,3.525293139,1,0,1,0,1
27.4,1.68,492.06,9,144,3.443500311,0,0,1,0,0
27.02,2.06,493.45,9,149,3.13646376,0,-2,0,0,0
25.47,3.61,500.76,10,158,1.791640637,0,-1,1,0,1
26.38,2.7,491.8,12,169,,0,1,1,0,0
28.25,,486.98,11,,1.2322838,0,-2,1,0,0
26,3.08,495.28,8,150,2.091761989,0,-1,0,,1
24.86,4.22,484.27,10,157,2.560974354,0,2,1,0,1
26.9,2.18,471.91,9,149,1.79455101,0,-1,1,0,0
26.1,2.98,476.62,7,166,2.801761652,0,-2,1,0,0
26.51,2.57,466.16,6,,2.956300439,0,0,1,0,0
26.41,2.67,468.4,7,156,2.167856689,,1,1,0,0
27.46,1.62,479.85,7,156,1.56198759,0,2,1,0,0
26.4,2.68,494.29,6,161,3.466648595,0,-1,1,0,0
27.02,2.06,495.68,6,150,2.524599557,0,-2,1,0,0
,1.66,508.28,6,158,3.858844206,0,-2,,0,1
25.96,3.12,488.54,4,147,2.564665405,0,1,1,0.89,1
26.93,2.15,481.62,1,141,2.613549042,,-2,1,0.15,0
28.05,1.03,488.1,4,140,1.824852226,0,-2,1,0,0
26,3.08,479.8,4,,2.203519667,0,1,1,4.39,1
26.2,2.88,470.04,6,145,1.408838061,1,2,1,5.21,0
25.55,3.53,482.83,6,153,1.559462946,0,0,0,7.7,1
,1.36,500.83,6,,3.018815533,0,0,1,4.56,0
,2.16,,8,151,2.302191632,0,-1,,7.37,0
26.28,2.8,495.4,9,162,2.20413938,,2,1,9.83,1
26.28,2.8,480.25,,144,1.981701814,0,-1,0,,0
27.4,1.68,492.49,8,173,2.230133407,1,0,1,10,1
,2.87,471.96,10,157,3.293144409,0,1,1,13.59,1
25.52,3.56,480.79,5,148,2.60095523,0,-2,1,16.16,1
26.15,2.93,470.98,3,147,1.673989584,,0,1,16.1,1
26.46,,489.07,5,139,3.221269286,1,2,1,16.68,1
25.22,3.86,476.02,4,149,3.707527013,0,0,1,20.36,1
25.63,3.45,477.37,4,128,2.846293268,0,2,1,20.74,1
25.07,4.01,479.49,5,162,3.123903148,0,2,,23.06,1
25.89,3.19,477.04,7,121,3.354548042,0,2,1,22.62,1
24.3,4.78,454.3,8,150,1.340376557,0,-1,1,26.99,1
26.15,2.93,462.89,9,138,,0,1,1,24.5,1
24.78,4.3,463.78,8,142,3.269169849,,0,0,28.44,1
25.9,3.18,454.04,7,144,2.842198291,0,1,1,27.4,1
25.88,3.2,465.2,5,169,2.412177623,0,-2,,28.64,1
24.93,4.15,465.84,4,138,1.563930309,0,0,1,31.74,1
26.95,2.13,453.16,3,159,2.268019227,1,1,1,28.91,1
23.53,5.55,447.81,3,161,2.813877912,0,1,1,36.94,1
26.54,2.54,450.4,3,126,1.726949135,0,-2,1,32.11,1
26.88,2.2,434.54,3,143,2.451176913,0,2,1,32.65,1
26.45,2.63,,2,164,1.67152104,0,0,1,34.7,1
25.88,3.2,,4,136,2.230763077,0,0,1,37.03,1
26.18,2.9,469.06,3,161,1.553160844,0,-2,1,37.64,1
26.46,2.62,483.56,4,149,1.479556739,0,2,1,38.29,1
23.56,,493.08,4,149,2.738062588,0,0,0,45.28,1
26.45,2.63,482.61,3,150,2.094169709,0,,1,40.71,1
24.12,4.96,480.18,3,153,2.159946583,0,0,1,46.57,1
,3.33,460.13,5,140,2.056589456,1,2,1,44.51,1
25.51,3.57,442.91,4,147,4.406182591,0,-2,1,46.19,1
23.83,5.25,437.28,6,,2.92515696,0,0,1,50.73,1
22.33,6.75,431.39,6,151,3.000320477,0,1,1,54.94,1
23.45,5.63,430.6,4,153,1.957209125,0,2,1,53.9,1
22.93,6.15,439.71,2,142,2.853325482,0,-1,1,,1
25.28,3.8,456.24,2,156,2.340595298,0,-2,1,52.65,1
25.56,3.52,449.23,3,151,1.951585181,0,1,0,53.28,1
,4.08,442.61,3,134,3.850363981,0,0,1,,1
23.94,,440.56,3,144,2.900953954,0,-1,1,58.91,1
24.25,4.83,433.57,4,141,2.865637041,0,-2,1,59.5,1
